{"r2": 0.6988578839055481, "mse": 733.8155041703902}