{"r2": 0.7040680205722218, "mse": 564.9363268283915}